[
  {
    "id": "00",
    "characterName": "Жүжигчин",
    "realName": "Жүжигчин Нэр",
    "avatarUrl": "https://storage.googleapis.com/androiddevelopers/samples/media/cast/an-actor.png"
  },
  {
    "id": "01",
    "characterName": "Жүжигчин",
    "realName": "Жүжигчин Нэр",
    "avatarUrl": "https://storage.googleapis.com/androiddevelopers/samples/media/cast/an-actor.png"
  },
  {
    "id": "02",
    "characterName": "Жүжигчин",
    "realName": "Жүжигчин Нэр",
    "avatarUrl": "https://storage.googleapis.com/androiddevelopers/samples/media/cast/an-actor.png"
  },
  {
    "id": "03",
    "characterName": "Жүжигчин",
    "realName": "Жүжигчин Нэр",
    "avatarUrl": "https://storage.googleapis.com/androiddevelopers/samples/media/cast/an-actor.png"
  },
  {
    "id": "04",
    "characterName": "Жүжигчин",
    "realName": "Жүжигчин Нэр",
    "avatarUrl": "https://storage.googleapis.com/androiddevelopers/samples/media/cast/an-actor.png"
  },
  {
    "id": "05",
    "characterName": "Жүжигчин",
    "realName": "Жүжигчин Нэр",
    "avatarUrl": "https://storage.googleapis.com/androiddevelopers/samples/media/cast/an-actor.png"
  },
  {
    "id": "06",
    "characterName": "Жүжигчин",
    "realName": "Жүжигчин Нэр",
    "avatarUrl": "https://storage.googleapis.com/androiddevelopers/samples/media/cast/an-actor.png"
  },
  {
    "id": "07",
    "characterName": "Жүжигчин",
    "realName": "Жүжигчин Нэр",
    "avatarUrl": "https://storage.googleapis.com/androiddevelopers/samples/media/cast/an-actor.png"
  },
  {
    "id": "08",
    "characterName": "Жүжигчин",
    "realName": "Жүжигчин Нэр",
    "avatarUrl": "https://storage.googleapis.com/androiddevelopers/samples/media/cast/an-actor.png"
  },
  {
    "id": "09",
    "characterName": "Жүжигчин",
    "realName": "Жүжигчин Нэр",
    "avatarUrl": "https://storage.googleapis.com/androiddevelopers/samples/media/cast/an-actor.png"
  }
]