[
  {
    "id": "100",
    "name": "Хосын"
  },
  {
    "id": "101",
    "name": "Гурвал"
  },
  {
    "id": "102",
    "name": "Homemade"
  },
  {
    "id": "103",
    "name": "Ажил дээр"
  },
  {
    "id": "104",
    "name": "Монгол"
  },
  {
    "id": "105",
    "name": "Гадаад"
  },
  {
    "id": "106",
    "name": "Эмчийн нууц"
  },
  {
    "id": "107",
    "name": "Донтолт"
  },
  {
    "id": "108",
    "name": "Халамж"
  },
  {
    "id": "109",
    "name": "Playboy"
  }
]