[
  {
    "id": "8daa7d22d13a9",
    "videoUri": "https://res.cloudinary.com/dwl0svlrm/video/upload/v1754884007/demo_qg6vtf.mp4",
    "subtitleUri": "https://thepaciellogroup.github.io/AT-browser-tests/video/subtitles-en.vtt",
    "title": "Тэчъяал 2",
    "fullTitle": "Тэчъяал 2",
    "rank": 1,
    "rankUpDown": "+40",
    "year": 2015,
    "image_2_3": "https://res.cloudinary.com/dwl0svlrm/image/upload/v1754884504/40ebd5b4f94a0dd03421f4c54f7a9bb121926b6a_y2vaga.jpg",
    "image_16_9": "https://res.cloudinary.com/dwl0svlrm/image/upload/v1754891339/6c8e88ec63c3ebafe1de1588c2b4ebe518426186_nnqryu.jpg",
    "releaseDate": "5 Jun 2015",
    "runtimeMins": 137,
    "runtimeStr": "137 mins",
    "plot": "A documentary film exploring the struggles and resilience of veterans and their families on the Golden Gate Bridge.",
    "contentRating": "PG-13",
    "rating": 2.5,
    "ratingCount": 64000,
    "metaCriticRating": 34,
    "genres": "Action, Horror",
    "directors": "Ethan Parker",
    "stars": "Jackson Brown"
  },
  {
    "id": "6f251d94cc5c2",
    "videoUri": "https://res.cloudinary.com/dwl0svlrm/video/upload/v1754884007/demo_qg6vtf.mp4",
    "subtitleUri": "https://thepaciellogroup.github.io/AT-browser-tests/video/subtitles-en.vtt",
    "title": "Тэчъяал 2",
    "fullTitle": "Тэчъяал 2",
    "rank": 3,
    "rankUpDown": "+23",
    "year": 1995,
    "image_2_3": "https://res.cloudinary.com/dwl0svlrm/image/upload/v1754884504/40ebd5b4f94a0dd03421f4c54f7a9bb121926b6a_y2vaga.jpg",
    "image_16_9": "https://res.cloudinary.com/dwl0svlrm/image/upload/v1754891339/6c8e88ec63c3ebafe1de1588c2b4ebe518426186_nnqryu.jpg",
    "releaseDate": "4 Apr 1995",
    "runtimeMins": 118,
    "runtimeStr": "118 mins",
    "plot": "A biographical drama about the life of a brilliant inventor and their groundbreaking inventions.",
    "contentRating": "PG",
    "rating": 8.4,
    "ratingCount": 88622,
    "metaCriticRating": 93,
    "genres": "Action, Horror",
    "directors": "Ava Reynolds, Sophia Martinez",
    "stars": "Sophia Adams, Noah Harris"
  },
  {
    "id": "b168b710fcbea",
    "videoUri": "https://res.cloudinary.com/dwl0svlrm/video/upload/v1754884007/demo_qg6vtf.mp4",
    "subtitleUri": "https://thepaciellogroup.github.io/AT-browser-tests/video/subtitles-en.vtt",
    "title": "Тэчъяал 2",
    "fullTitle": "Тэчъяал 2",
    "rank": 4,
    "rankUpDown": "+22",
    "year": 1989,
    "image_2_3": "https://res.cloudinary.com/dwl0svlrm/image/upload/v1754884504/40ebd5b4f94a0dd03421f4c54f7a9bb121926b6a_y2vaga.jpg",
    "image_16_9": "https://res.cloudinary.com/dwl0svlrm/image/upload/v1754891339/6c8e88ec63c3ebafe1de1588c2b4ebe518426186_nnqryu.jpg",
    "releaseDate": "11 Jan 1989",
    "runtimeMins": 113,
    "runtimeStr": "113 mins",
    "plot": "A thrilling sci-fi movie about a group of hackers trying to take down a powerful artificial intelligence.",
    "contentRating": "PG-13",
    "rating": 8,
    "ratingCount": 77207,
    "metaCriticRating": 95,
    "genres": "Action",
    "directors": "Mason Scott, Lucas Nguyen",
    "stars": "Jackson Brown"
  },
  {
    "id": "51df9ee9a5c29",
    "videoUri": "https://res.cloudinary.com/dwl0svlrm/video/upload/v1754884007/demo_qg6vtf.mp4",
    "subtitleUri": "https://thepaciellogroup.github.io/AT-browser-tests/video/subtitles-en.vtt",
    "title": "Тэчъяал 2",
    "fullTitle": "Тэчъяал 2",
    "rank": 5,
    "rankUpDown": "+27",
    "year": 2001,
    "image_2_3": "https://res.cloudinary.com/dwl0svlrm/image/upload/v1754884504/40ebd5b4f94a0dd03421f4c54f7a9bb121926b6a_y2vaga.jpg",
    "image_16_9": "https://res.cloudinary.com/dwl0svlrm/image/upload/v1754891339/6c8e88ec63c3ebafe1de1588c2b4ebe518426186_nnqryu.jpg",
    "releaseDate": "26 Oct 2001",
    "runtimeMins": 102,
    "runtimeStr": "102 mins",
    "plot": "A legal drama about a principled attorney fighting for justice in a corrupt system.",
    "contentRating": "PG-13",
    "rating": 7.1,
    "ratingCount": 11554,
    "metaCriticRating": 66,
    "genres": "Adventure",
    "directors": "Amelia Lee, Jackson Davis",
    "stars": "Olivia Carter"
  },
  {
    "id": "ecde1713c9d3b",
    "videoUri": "https://res.cloudinary.com/dwl0svlrm/video/upload/v1754884007/demo_qg6vtf.mp4",
    "subtitleUri": "https://thepaciellogroup.github.io/AT-browser-tests/video/subtitles-en.vtt",
    "title": "Тэчъяал 2",
    "fullTitle": "Тэчъяал 2",
    "rank": 6,
    "rankUpDown": "+25",
    "year": 1997,
    "image_2_3": "https://res.cloudinary.com/dwl0svlrm/image/upload/v1754884504/40ebd5b4f94a0dd03421f4c54f7a9bb121926b6a_y2vaga.jpg",
    "image_16_9": "https://res.cloudinary.com/dwl0svlrm/image/upload/v1754891339/6c8e88ec63c3ebafe1de1588c2b4ebe518426186_nnqryu.jpg",
    "releaseDate": "17 Mar 1997",
    "runtimeMins": 120,
    "runtimeStr": "120 mins",
    "plot": "Love is the way",
    "contentRating": "PG-13",
    "rating": 7,
    "ratingCount": 11177,
    "metaCriticRating": 60,
    "genres": "Comedy, Fantasy, Action",
    "directors": "Owen Baker",
    "stars": "Jackson Brown"
  },
  {
    "id": "040fab3d5e08e",
    "videoUri": "https://res.cloudinary.com/dwl0svlrm/video/upload/v1754884007/demo_qg6vtf.mp4",
    "subtitleUri": "https://thepaciellogroup.github.io/AT-browser-tests/video/subtitles-en.vtt",
    "title": "Тэчъяал 2",
    "fullTitle": "Тэчъяал 2",
    "rank": 7,
    "rankUpDown": "+57",
    "year": 1998,
    "image_2_3": "https://res.cloudinary.com/dwl0svlrm/image/upload/v1754884504/40ebd5b4f94a0dd03421f4c54f7a9bb121926b6a_y2vaga.jpg",
    "image_16_9": "https://res.cloudinary.com/dwl0svlrm/image/upload/v1754891339/6c8e88ec63c3ebafe1de1588c2b4ebe518426186_nnqryu.jpg",
    "releaseDate": "21 Dec 1998",
    "runtimeMins": 111,
    "runtimeStr": "111 mins",
    "plot": "A gripping thriller set in the bustling city of Tokyo, where a group of strangers are thrown together on a fateful night that will change their lives forever.",
    "contentRating": "PG",
    "rating": 4.9,
    "ratingCount": 18471,
    "metaCriticRating": 114,
    "genres": "Comedy",
    "directors": "Ava Reynolds, Logan King",
    "stars": "Emma Evans, Olivia Carter, Ethan King"
  },
  {
    "id": "814b01214546b",
    "videoUri": "https://res.cloudinary.com/dwl0svlrm/video/upload/v1754884007/demo_qg6vtf.mp4",
    "subtitleUri": "https://thepaciellogroup.github.io/AT-browser-tests/video/subtitles-en.vtt",
    "title": "Тэчъяал 2",
    "fullTitle": "Тэчъяал 2",
    "rank": 8,
    "rankUpDown": "+58",
    "year": 1982,
    "image_2_3": "https://res.cloudinary.com/dwl0svlrm/image/upload/v1754884504/40ebd5b4f94a0dd03421f4c54f7a9bb121926b6a_y2vaga.jpg",
    "image_16_9": "https://res.cloudinary.com/dwl0svlrm/image/upload/v1754891339/6c8e88ec63c3ebafe1de1588c2b4ebe518426186_nnqryu.jpg",
    "releaseDate": "23 Sept 1982",
    "runtimeMins": 107,
    "runtimeStr": "107 mins",
    "plot": "A thrilling adventure set in a fantastical universe filled with spaceships, aliens, and epic battles.",
    "contentRating": "PG-13",
    "rating": 8.3,
    "ratingCount": 24830,
    "metaCriticRating": 24,
    "genres": "Comedy, Drama, Action",
    "directors": "Harper Davis",
    "stars": "Sophia Adams"
  },
  {
    "id": "c4278acc58c31",
    "videoUri": "https://res.cloudinary.com/dwl0svlrm/video/upload/v1754884007/demo_qg6vtf.mp4",
    "subtitleUri": "https://thepaciellogroup.github.io/AT-browser-tests/video/subtitles-en.vtt",
    "title": "Тэчъяал 2",
    "fullTitle": "Тэчъяал 2",
    "rank": 9,
    "rankUpDown": "+29",
    "year": 1992,
    "image_2_3": "https://res.cloudinary.com/dwl0svlrm/image/upload/v1754884504/40ebd5b4f94a0dd03421f4c54f7a9bb121926b6a_y2vaga.jpg",
    "image_16_9": "https://res.cloudinary.com/dwl0svlrm/image/upload/v1754891339/6c8e88ec63c3ebafe1de1588c2b4ebe518426186_nnqryu.jpg",
    "releaseDate": "12 Sept 1992",
    "runtimeMins": 147,
    "runtimeStr": "147 mins",
    "plot": "A sci-fi action movie about a man who discovers he is a reincarnated warrior tasked with saving humanity from a dangerous group of immortal beings.",
    "contentRating": "PG",
    "rating": 9,
    "ratingCount": 40237,
    "metaCriticRating": 91,
    "genres": "Drama",
    "directors": "Lucas Nguyen",
    "stars": "Sophia Adams, Olivia Carter, Ava Green"
  },
  {
    "id": "4371b4ae71a42",
    "videoUri": "https://res.cloudinary.com/dwl0svlrm/video/upload/v1754884007/demo_qg6vtf.mp4",
    "subtitleUri": "https://thepaciellogroup.github.io/AT-browser-tests/video/subtitles-en.vtt",
    "title": "Тэчъяал 2",
    "fullTitle": "Тэчъяал 2",
    "rank": 10,
    "rankUpDown": "+44",
    "year": 1991,
    "image_2_3": "https://res.cloudinary.com/dwl0svlrm/image/upload/v1754884504/40ebd5b4f94a0dd03421f4c54f7a9bb121926b6a_y2vaga.jpg",
    "image_16_9": "https://res.cloudinary.com/dwl0svlrm/image/upload/v1754891339/6c8e88ec63c3ebafe1de1588c2b4ebe518426186_nnqryu.jpg",
    "releaseDate": "17 Oct 1991",
    "runtimeMins": 140,
    "runtimeStr": "140 mins",
    "plot": "A thrilling adventure movie about a group of explorers on a dangerous mission.",
    "contentRating": "PG",
    "rating": 6.2,
    "ratingCount": 16038,
    "metaCriticRating": 69,
    "genres": "Thriller",
    "directors": "Isabella Rodriguez, Jackson Davis",
    "stars": "Olivia Carter, Lucas Foster"
  },
  {
    "id": "feee7e2119c28",
    "videoUri": "https://res.cloudinary.com/dwl0svlrm/video/upload/v1754884007/demo_qg6vtf.mp4",
    "subtitleUri": "https://thepaciellogroup.github.io/AT-browser-tests/video/subtitles-en.vtt",
    "title": "Тэчъяал 2",
    "fullTitle": "Тэчъяал 2",
    "rank": 11,
    "rankUpDown": "+36",
    "year": 1989,
    "image_2_3": "https://res.cloudinary.com/dwl0svlrm/image/upload/v1754884504/40ebd5b4f94a0dd03421f4c54f7a9bb121926b6a_y2vaga.jpg",
    "image_16_9": "https://res.cloudinary.com/dwl0svlrm/image/upload/v1754891339/6c8e88ec63c3ebafe1de1588c2b4ebe518426186_nnqryu.jpg",
    "releaseDate": "8 Mar 1989",
    "runtimeMins": 109,
    "runtimeStr": "109 mins",
    "plot": "A woman tries to escape her abusive and controlling ex who has faked his own death and become invisible to torment her.",
    "contentRating": "G",
    "rating": 8.4,
    "ratingCount": 69879,
    "metaCriticRating": 119,
    "genres": "Animation, Adventure, Fantasy",
    "directors": "Ethan Parker, Owen Baker, Caleb Wright",
    "stars": "Noah Harris"
  },
  {
    "id": "09810df603d1f",
    "videoUri": "https://res.cloudinary.com/dwl0svlrm/video/upload/v1754884007/demo_qg6vtf.mp4",
    "subtitleUri": "https://thepaciellogroup.github.io/AT-browser-tests/video/subtitles-en.vtt",
    "title": "Тэчъяал 2",
    "fullTitle": "Тэчъяал 2",
    "rank": 12,
    "rankUpDown": "+46",
    "year": 1997,
    "image_2_3": "https://res.cloudinary.com/dwl0svlrm/image/upload/v1754884504/40ebd5b4f94a0dd03421f4c54f7a9bb121926b6a_y2vaga.jpg",
    "image_16_9": "https://res.cloudinary.com/dwl0svlrm/image/upload/v1754891339/6c8e88ec63c3ebafe1de1588c2b4ebe518426186_nnqryu.jpg",
    "releaseDate": "28 Jun 1997",
    "runtimeMins": 119,
    "runtimeStr": "119 mins",
    "plot": "A Monty Python comedy exploring the philosophical and absurd aspects of human existence.",
    "contentRating": "PG",
    "rating": 5.7,
    "ratingCount": 12630,
    "metaCriticRating": 41,
    "genres": "Action",
    "directors": "Lucas Nguyen, Noah Adams",
    "stars": "Emma Evans, Jackson Brown, Noah Harris"
  },
  {
    "id": "66f35ba9d671d",
    "videoUri": "https://res.cloudinary.com/dwl0svlrm/video/upload/v1754884007/demo_qg6vtf.mp4",
    "subtitleUri": "https://thepaciellogroup.github.io/AT-browser-tests/video/subtitles-en.vtt",
    "title": "Тэчъяал 2",
    "fullTitle": "Тэчъяал 2",
    "rank": 13,
    "rankUpDown": "+16",
    "year": 1987,
    "image_2_3": "https://res.cloudinary.com/dwl0svlrm/image/upload/v1754884504/40ebd5b4f94a0dd03421f4c54f7a9bb121926b6a_y2vaga.jpg",
    "image_16_9": "https://res.cloudinary.com/dwl0svlrm/image/upload/v1754891339/6c8e88ec63c3ebafe1de1588c2b4ebe518426186_nnqryu.jpg",
    "releaseDate": "10 Jul 1987",
    "runtimeMins": 109,
    "runtimeStr": "109 mins",
    "plot": "A thrilling fantasy movie about a powerful immortal warrior who rides his horse into battle against evil forces.",
    "contentRating": "R",
    "rating": 8.4,
    "ratingCount": 36645,
    "metaCriticRating": 62,
    "genres": "Adventure",
    "directors": "Emma Williams, Logan King, Jackson Davis",
    "stars": "Sophia Adams, Ava Green"
  },
  {
    "id": "2cf93763fab89",
    "videoUri": "https://res.cloudinary.com/dwl0svlrm/video/upload/v1754884007/demo_qg6vtf.mp4",
    "subtitleUri": "https://thepaciellogroup.github.io/AT-browser-tests/video/subtitles-en.vtt",
    "title": "Тэчъяал 2",
    "fullTitle": "Тэчъяал 2",
    "rank": 14,
    "rankUpDown": "+26",
    "year": 1986,
    "image_2_3": "https://res.cloudinary.com/dwl0svlrm/image/upload/v1754884504/40ebd5b4f94a0dd03421f4c54f7a9bb121926b6a_y2vaga.jpg",
    "image_16_9": "https://res.cloudinary.com/dwl0svlrm/image/upload/v1754891339/6c8e88ec63c3ebafe1de1588c2b4ebe518426186_nnqryu.jpg",
    "releaseDate": "23 Jan 1986",
    "runtimeMins": 142,
    "runtimeStr": "142 mins",
    "plot": "A hilarious comedy about a talking potato who becomes a successful businessman.",
    "contentRating": "PG",
    "rating": 1.4,
    "ratingCount": 79924,
    "metaCriticRating": 48,
    "genres": "Adventure",
    "directors": "Aiden Carter, Olivia Thompson",
    "stars": "Noah Harris"
  },
  {
    "id": "523d5cdae88f7",
    "videoUri": "https://res.cloudinary.com/dwl0svlrm/video/upload/v1754884007/demo_qg6vtf.mp4",
    "subtitleUri": "https://thepaciellogroup.github.io/AT-browser-tests/video/subtitles-en.vtt",
    "title": "Тэчъяал 2",
    "fullTitle": "Тэчъяал 2",
    "rank": 15,
    "rankUpDown": "+17",
    "year": 1998,
    "image_2_3": "https://res.cloudinary.com/dwl0svlrm/image/upload/v1754884504/40ebd5b4f94a0dd03421f4c54f7a9bb121926b6a_y2vaga.jpg",
    "image_16_9": "https://res.cloudinary.com/dwl0svlrm/image/upload/v1754891339/6c8e88ec63c3ebafe1de1588c2b4ebe518426186_nnqryu.jpg",
    "releaseDate": "24 Apr 1998",
    "runtimeMins": 136,
    "runtimeStr": "136 mins",
    "plot": "A thrilling action-adventure film about a rogue tomato seeking revenge on the farmers who wronged it.",
    "contentRating": "PG-13",
    "rating": 9.6,
    "ratingCount": 59042,
    "metaCriticRating": 92,
    "genres": "Comedy, Fantasy, Adventure",
    "directors": "Ethan Parker, Aiden Carter",
    "stars": "Jackson Brown, Sophia Adams"
  },
  {
    "id": "e267a161bb286",
    "videoUri": "https://res.cloudinary.com/dwl0svlrm/video/upload/v1754884007/demo_qg6vtf.mp4",
    "subtitleUri": "https://thepaciellogroup.github.io/AT-browser-tests/video/subtitles-en.vtt",
    "title": "Тэчъяал 2",
    "fullTitle": "Тэчъяал 2",
    "rank": 16,
    "rankUpDown": "+43",
    "year": 1987,
    "image_2_3": "https://res.cloudinary.com/dwl0svlrm/image/upload/v1754884504/40ebd5b4f94a0dd03421f4c54f7a9bb121926b6a_y2vaga.jpg",
    "image_16_9": "https://res.cloudinary.com/dwl0svlrm/image/upload/v1754891339/6c8e88ec63c3ebafe1de1588c2b4ebe518426186_nnqryu.jpg",
    "releaseDate": "21 Dec 1987",
    "runtimeMins": 109,
    "runtimeStr": "109 mins",
    "plot": "A comedy-drama film about a naive and clumsy man who falls in love with a woman above his social status.",
    "contentRating": "G",
    "rating": 9.1,
    "ratingCount": 70735,
    "metaCriticRating": 92,
    "genres": "Documentary",
    "directors": "Olivia Thompson",
    "stars": "Ava Green, Lucas Foster, Noah Harris"
  },
  {
    "id": "c10133062b2aa",
    "videoUri": "https://res.cloudinary.com/dwl0svlrm/video/upload/v1754884007/demo_qg6vtf.mp4",
    "subtitleUri": "https://thepaciellogroup.github.io/AT-browser-tests/video/subtitles-en.vtt",
    "title": "Тэчъяал 2",
    "fullTitle": "Тэчъяал 2",
    "rank": 18,
    "rankUpDown": "+33",
    "year": 2010,
    "image_2_3": "https://res.cloudinary.com/dwl0svlrm/image/upload/v1754884504/40ebd5b4f94a0dd03421f4c54f7a9bb121926b6a_y2vaga.jpg",
    "image_16_9": "https://res.cloudinary.com/dwl0svlrm/image/upload/v1754891339/6c8e88ec63c3ebafe1de1588c2b4ebe518426186_nnqryu.jpg",
    "releaseDate": "5 May 2010",
    "runtimeMins": 121,
    "runtimeStr": "121 mins",
    "plot": "A thriller about a former convict seeking revenge against those who wronged him.",
    "contentRating": "G",
    "rating": 9.3,
    "ratingCount": 15816,
    "metaCriticRating": 26,
    "genres": "Thriller, Romance, Documentary",
    "directors": "Lucas Nguyen, Emma Williams",
    "stars": "Noah Harris, Liam Davis, Jackson Brown"
  },
  {
    "id": "68ca154f8ec3f",
    "videoUri": "https://res.cloudinary.com/dwl0svlrm/video/upload/v1754884007/demo_qg6vtf.mp4",
    "subtitleUri": "https://thepaciellogroup.github.io/AT-browser-tests/video/subtitles-en.vtt",
    "title": "Тэчъяал 2",
    "fullTitle": "Тэчъяал 2",
    "rank": 19,
    "rankUpDown": "+28",
    "year": 1983,
    "image_2_3": "https://res.cloudinary.com/dwl0svlrm/image/upload/v1754884504/40ebd5b4f94a0dd03421f4c54f7a9bb121926b6a_y2vaga.jpg",
    "image_16_9": "https://res.cloudinary.com/dwl0svlrm/image/upload/v1754891339/6c8e88ec63c3ebafe1de1588c2b4ebe518426186_nnqryu.jpg",
    "releaseDate": "22 Jan 1983",
    "runtimeMins": 115,
    "runtimeStr": "115 mins",
    "plot": "A thrilling mystery about a woman on a quest to uncover the truth about her family's past.",
    "contentRating": "PG",
    "rating": 5.2,
    "ratingCount": 87563,
    "metaCriticRating": 63,
    "genres": "Animation, Horror",
    "directors": "Logan King",
    "stars": "Noah Harris, Ethan King, Jackson Brown"
  },
  {
    "id": "af69b8b439cb9",
    "videoUri": "https://res.cloudinary.com/dwl0svlrm/video/upload/v1754884007/demo_qg6vtf.mp4",
    "subtitleUri": "https://thepaciellogroup.github.io/AT-browser-tests/video/subtitles-en.vtt",
    "title": "Тэчъяал 2",
    "fullTitle": "Тэчъяал 2",
    "rank": 20,
    "rankUpDown": "+41",
    "year": 1986,
    "image_2_3": "https://res.cloudinary.com/dwl0svlrm/image/upload/v1754884504/40ebd5b4f94a0dd03421f4c54f7a9bb121926b6a_y2vaga.jpg",
    "image_16_9": "https://res.cloudinary.com/dwl0svlrm/image/upload/v1754891339/6c8e88ec63c3ebafe1de1588c2b4ebe518426186_nnqryu.jpg",
    "releaseDate": "25 Aug 1986",
    "runtimeMins": 142,
    "runtimeStr": "142 mins",
    "plot": "A crime thriller set in the vibrant city of Jaipur, India.",
    "contentRating": "G",
    "rating": 6.8,
    "ratingCount": 56721,
    "metaCriticRating": 112,
    "genres": "Action",
    "directors": "Owen Baker, Aiden Carter, Liam Johnson",
    "stars": "Jackson Brown, Ethan King"
  },
  {
    "id": "073a571e5f4a2",
    "videoUri": "https://res.cloudinary.com/dwl0svlrm/video/upload/v1754884007/demo_qg6vtf.mp4",
    "subtitleUri": "https://thepaciellogroup.github.io/AT-browser-tests/video/subtitles-en.vtt",
    "title": "Тэчъяал 2",
    "fullTitle": "Тэчъяал 2",
    "rank": 21,
    "rankUpDown": "+56",
    "year": 2012,
    "image_2_3": "https://res.cloudinary.com/dwl0svlrm/image/upload/v1754884504/40ebd5b4f94a0dd03421f4c54f7a9bb121926b6a_y2vaga.jpg",
    "image_16_9": "https://res.cloudinary.com/dwl0svlrm/image/upload/v1754891339/6c8e88ec63c3ebafe1de1588c2b4ebe518426186_nnqryu.jpg",
    "releaseDate": "12 Jan 2012",
    "runtimeMins": 111,
    "runtimeStr": "111 mins",
    "plot": "A suspenseful thriller following a man who is being stalked by a mysterious and dangerous stranger.",
    "contentRating": "G",
    "rating": 1.8,
    "ratingCount": 75607,
    "metaCriticRating": 76,
    "genres": "Horror, Romance, Comedy",
    "directors": "Amelia Lee, Liam Johnson, Olivia Thompson",
    "stars": "Mia Lee, Olivia Carter, Noah Harris"
  },
  {
    "id": "5d428a566a71c",
    "videoUri": "https://res.cloudinary.com/dwl0svlrm/video/upload/v1754884007/demo_qg6vtf.mp4",
    "subtitleUri": "https://thepaciellogroup.github.io/AT-browser-tests/video/subtitles-en.vtt",
    "title": "Тэчъяал 2",
    "fullTitle": "Тэчъяал 2",
    "rank": 22,
    "rankUpDown": "+28",
    "year": 2016,
    "image_2_3": "https://res.cloudinary.com/dwl0svlrm/image/upload/v1754884504/40ebd5b4f94a0dd03421f4c54f7a9bb121926b6a_y2vaga.jpg",
    "image_16_9": "https://res.cloudinary.com/dwl0svlrm/image/upload/v1754891339/6c8e88ec63c3ebafe1de1588c2b4ebe518426186_nnqryu.jpg",
    "releaseDate": "15 Jun 2016",
    "runtimeMins": 122,
    "runtimeStr": "122 mins",
    "plot": "A heartwarming family adventure about a boy and his talking dog.",
    "contentRating": "R",
    "rating": 3,
    "ratingCount": 93234,
    "metaCriticRating": 72,
    "genres": "Thriller, Documentary",
    "directors": "Abigail Evans, Harper Davis",
    "stars": "Emma Evans"
  },
  {
    "id": "84e74ee74bfc",
    "videoUri": "https://res.cloudinary.com/dwl0svlrm/video/upload/v1754884007/demo_qg6vtf.mp4",
    "subtitleUri": "https://thepaciellogroup.github.io/AT-browser-tests/video/subtitles-en.vtt",
    "title": "Тэчъяал 2",
    "fullTitle": "Тэчъяал 2",
    "rank": 23,
    "rankUpDown": "+48",
    "year": 2009,
    "image_2_3": "https://res.cloudinary.com/dwl0svlrm/image/upload/v1754884504/40ebd5b4f94a0dd03421f4c54f7a9bb121926b6a_y2vaga.jpg",
    "image_16_9": "https://res.cloudinary.com/dwl0svlrm/image/upload/v1754891339/6c8e88ec63c3ebafe1de1588c2b4ebe518426186_nnqryu.jpg",
    "releaseDate": "20 Apr 2009",
    "runtimeMins": 102,
    "runtimeStr": "102 mins",
    "plot": "A lighthearted adventure following Tom as he embarks on a mission to find the perfect tomato.",
    "contentRating": "R",
    "rating": 4.5,
    "ratingCount": 29331,
    "metaCriticRating": 77,
    "genres": "Fantasy",
    "directors": "Mason Scott",
    "stars": "Mia Lee"
  },
  {
    "id": "4d86c42a30293",
    "videoUri": "https://res.cloudinary.com/dwl0svlrm/video/upload/v1754884007/demo_qg6vtf.mp4",
    "subtitleUri": "https://thepaciellogroup.github.io/AT-browser-tests/video/subtitles-en.vtt",
    "title": "Тэчъяал 2",
    "fullTitle": "Тэчъяал 2",
    "rank": 24,
    "rankUpDown": "+21",
    "year": 1991,
    "image_2_3": "https://res.cloudinary.com/dwl0svlrm/image/upload/v1754884504/40ebd5b4f94a0dd03421f4c54f7a9bb121926b6a_y2vaga.jpg",
    "image_16_9": "https://res.cloudinary.com/dwl0svlrm/image/upload/v1754891339/6c8e88ec63c3ebafe1de1588c2b4ebe518426186_nnqryu.jpg",
    "releaseDate": "11 May 1991",
    "runtimeMins": 123,
    "runtimeStr": "123 mins",
    "plot": "A thrilling action-packed adventure of a rogue CIA agent on a mission to save the world from a deadly virus.",
    "contentRating": "R",
    "rating": 2.7,
    "ratingCount": 12226,
    "metaCriticRating": 109,
    "genres": "Drama, Thriller, Romance",
    "directors": "Sophia Martinez, Charlotte Brown, Mia Patel",
    "stars": "Olivia Carter"
  },
  {
    "id": "aa723f7cb6d5d",
    "videoUri": "https://res.cloudinary.com/dwl0svlrm/video/upload/v1754884007/demo_qg6vtf.mp4",
    "subtitleUri": "https://thepaciellogroup.github.io/AT-browser-tests/video/subtitles-en.vtt",
    "title": "Тэчъяал 2",
    "fullTitle": "Тэчъяал 2",
    "rank": 25,
    "rankUpDown": "+35",
    "year": 2017,
    "image_2_3": "https://res.cloudinary.com/dwl0svlrm/image/upload/v1754884504/40ebd5b4f94a0dd03421f4c54f7a9bb121926b6a_y2vaga.jpg",
    "image_16_9": "https://res.cloudinary.com/dwl0svlrm/image/upload/v1754891339/6c8e88ec63c3ebafe1de1588c2b4ebe518426186_nnqryu.jpg",
    "releaseDate": "3 Jun 2017",
    "runtimeMins": 127,
    "runtimeStr": "127 mins",
    "plot": "A young boy with a passion for boxing trains to become a champion.",
    "contentRating": "PG-13",
    "rating": 9.7,
    "ratingCount": 81452,
    "metaCriticRating": 36,
    "genres": "Horror",
    "directors": "Emma Williams, Charlotte Brown",
    "stars": "Sophia Adams, Jackson Brown, Olivia Carter"
  },
  {
    "id": "f06206ea6ae99",
    "videoUri": "https://res.cloudinary.com/dwl0svlrm/video/upload/v1754884007/demo_qg6vtf.mp4",
    "subtitleUri": "https://thepaciellogroup.github.io/AT-browser-tests/video/subtitles-en.vtt",
    "title": "Тэчъяал 2",
    "fullTitle": "Тэчъяал 2",
    "rank": 26,
    "rankUpDown": "+36",
    "year": 2019,
    "image_2_3": "https://res.cloudinary.com/dwl0svlrm/image/upload/v1754884504/40ebd5b4f94a0dd03421f4c54f7a9bb121926b6a_y2vaga.jpg",
    "image_16_9": "https://res.cloudinary.com/dwl0svlrm/image/upload/v1754891339/6c8e88ec63c3ebafe1de1588c2b4ebe518426186_nnqryu.jpg",
    "releaseDate": "7 Oct 2019",
    "runtimeMins": 100,
    "runtimeStr": "100 mins",
    "plot": "A drama exploring the complexities of a family torn apart by tragedy and secrets.",
    "contentRating": "PG",
    "rating": 9.8,
    "ratingCount": 68746,
    "metaCriticRating": 34,
    "genres": "Drama",
    "directors": "Caleb Wright, Ethan Parker",
    "stars": "Ethan King, Liam Davis"
  },
  {
    "id": "f1b81e90f812",
    "videoUri": "https://res.cloudinary.com/dwl0svlrm/video/upload/v1754884007/demo_qg6vtf.mp4",
    "subtitleUri": "https://thepaciellogroup.github.io/AT-browser-tests/video/subtitles-en.vtt",
    "title": "Тэчъяал 2",
    "fullTitle": "Тэчъяал 2",
    "rank": 27,
    "rankUpDown": "+22",
    "year": 2013,
    "image_2_3": "https://res.cloudinary.com/dwl0svlrm/image/upload/v1754884504/40ebd5b4f94a0dd03421f4c54f7a9bb121926b6a_y2vaga.jpg",
    "image_16_9": "https://res.cloudinary.com/dwl0svlrm/image/upload/v1754891339/6c8e88ec63c3ebafe1de1588c2b4ebe518426186_nnqryu.jpg",
    "releaseDate": "24 Jan 2013",
    "runtimeMins": 109,
    "runtimeStr": "109 mins",
    "plot": "A thrilling sci-fi movie where a detective discovers a mysterious ability to communicate with his deceased niece, and uses it to solve her murder and prevent a tragedy.",
    "contentRating": "G",
    "rating": 8.7,
    "ratingCount": 32326,
    "metaCriticRating": 111,
    "genres": "Romance, Thriller",
    "directors": "Liam Johnson",
    "stars": "Lucas Foster"
  },
  {
    "id": "b1135e52c720d",
    "videoUri": "https://res.cloudinary.com/dwl0svlrm/video/upload/v1754884007/demo_qg6vtf.mp4",
    "subtitleUri": "https://thepaciellogroup.github.io/AT-browser-tests/video/subtitles-en.vtt",
    "title": "Тэчъяал 2",
    "fullTitle": "Тэчъяал 2",
    "rank": 28,
    "rankUpDown": "+47",
    "year": 2012,
    "image_2_3": "https://res.cloudinary.com/dwl0svlrm/image/upload/v1754884504/40ebd5b4f94a0dd03421f4c54f7a9bb121926b6a_y2vaga.jpg",
    "image_16_9": "https://res.cloudinary.com/dwl0svlrm/image/upload/v1754891339/6c8e88ec63c3ebafe1de1588c2b4ebe518426186_nnqryu.jpg",
    "releaseDate": "28 Nov 2012",
    "runtimeMins": 105,
    "runtimeStr": "105 mins",
    "plot": "A drama about a North Korean soldier and a South Korean farmer who cross paths during the Korean War.",
    "contentRating": "PG-13",
    "rating": 5.8,
    "ratingCount": 103329,
    "metaCriticRating": 60,
    "genres": "Adventure",
    "directors": "Lucas Nguyen, Noah Adams",
    "stars": "Mia Lee, Liam Davis, Ethan King"
  },
  {
    "id": "504431d1aca8",
    "videoUri": "https://res.cloudinary.com/dwl0svlrm/video/upload/v1754884007/demo_qg6vtf.mp4",
    "subtitleUri": "https://thepaciellogroup.github.io/AT-browser-tests/video/subtitles-en.vtt",
    "title": "Тэчъяал 2",
    "fullTitle": "Тэчъяал 2",
    "rank": 29,
    "rankUpDown": "+39",
    "year": 1990,
    "image_2_3": "https://res.cloudinary.com/dwl0svlrm/image/upload/v1754884504/40ebd5b4f94a0dd03421f4c54f7a9bb121926b6a_y2vaga.jpg",
    "image_16_9": "https://res.cloudinary.com/dwl0svlrm/image/upload/v1754891339/6c8e88ec63c3ebafe1de1588c2b4ebe518426186_nnqryu.jpg",
    "releaseDate": "25 Dec 1990",
    "runtimeMins": 147,
    "runtimeStr": "147 mins",
    "plot": "A quirky comedy-drama about a 90-year-old atheist on a spiritual journey.",
    "contentRating": "PG",
    "rating": 1.6,
    "ratingCount": 19924,
    "metaCriticRating": 104,
    "genres": "Documentary",
    "directors": "Amelia Lee, Lucas Nguyen, Logan King",
    "stars": "Ava Green, Sophia Adams"
  },
  {
    "id": "f5aa589b50458",
    "videoUri": "https://res.cloudinary.com/dwl0svlrm/video/upload/v1754884007/demo_qg6vtf.mp4",
    "subtitleUri": "https://thepaciellogroup.github.io/AT-browser-tests/video/subtitles-en.vtt",
    "title": "Тэчъяал 2",
    "fullTitle": "Тэчъяал 2",
    "rank": 30,
    "rankUpDown": "+20",
    "year": 2000,
    "image_2_3": "https://res.cloudinary.com/dwl0svlrm/image/upload/v1754884504/40ebd5b4f94a0dd03421f4c54f7a9bb121926b6a_y2vaga.jpg",
    "image_16_9": "https://res.cloudinary.com/dwl0svlrm/image/upload/v1754891339/6c8e88ec63c3ebafe1de1588c2b4ebe518426186_nnqryu.jpg",
    "releaseDate": "1 Feb 2000",
    "runtimeMins": 103,
    "runtimeStr": "103 mins",
    "plot": "A coming-of-age comedy about a high school student who learns to embrace his unique personality and stand up to bullies.",
    "contentRating": "PG-13",
    "rating": 8.8,
    "ratingCount": 85938,
    "metaCriticRating": 77,
    "genres": "Romance, Horror",
    "directors": "Liam Johnson, Olivia Thompson, Aiden Carter",
    "stars": "Ethan King, Liam Davis"
  },
  {
    "id": "c08e5ae6ecc9f",
    "videoUri": "https://res.cloudinary.com/dwl0svlrm/video/upload/v1754884007/demo_qg6vtf.mp4",
    "subtitleUri": "https://thepaciellogroup.github.io/AT-browser-tests/video/subtitles-en.vtt",
    "title": "Тэчъяал 2",
    "fullTitle": "Тэчъяал 2",
    "rank": 31,
    "rankUpDown": "+42",
    "year": 1992,
    "image_2_3": "https://res.cloudinary.com/dwl0svlrm/image/upload/v1754884504/40ebd5b4f94a0dd03421f4c54f7a9bb121926b6a_y2vaga.jpg",
    "image_16_9": "https://res.cloudinary.com/dwl0svlrm/image/upload/v1754891339/6c8e88ec63c3ebafe1de1588c2b4ebe518426186_nnqryu.jpg",
    "releaseDate": "10 Jun 1992",
    "runtimeMins": 131,
    "runtimeStr": "131 mins",
    "plot": "A psychological thriller about a man who tries to uncover the truth about his wife's disappearance, only to discover dark secrets about her past.",
    "contentRating": "PG",
    "rating": 4.3,
    "ratingCount": 44377,
    "metaCriticRating": 63,
    "genres": "Animation, Adventure",
    "directors": "Liam Johnson, Noah Adams",
    "stars": "Ethan King, Lucas Foster, Olivia Carter"
  },
  {
    "id": "d94abed9c1e34",
    "videoUri": "https://res.cloudinary.com/dwl0svlrm/video/upload/v1754884007/demo_qg6vtf.mp4",
    "subtitleUri": "https://thepaciellogroup.github.io/AT-browser-tests/video/subtitles-en.vtt",
    "title": "Тэчъяал 2",
    "fullTitle": "Тэчъяал 2",
    "rank": 32,
    "rankUpDown": "+49",
    "year": 2006,
    "image_2_3": "https://res.cloudinary.com/dwl0svlrm/image/upload/v1754884504/40ebd5b4f94a0dd03421f4c54f7a9bb121926b6a_y2vaga.jpg",
    "image_16_9": "https://res.cloudinary.com/dwl0svlrm/image/upload/v1754891339/6c8e88ec63c3ebafe1de1588c2b4ebe518426186_nnqryu.jpg",
    "releaseDate": "15 Dec 2006",
    "runtimeMins": 133,
    "runtimeStr": "133 mins",
    "plot": "A young man discovers he is part of a secret society of assassins and must fulfill his destiny to avenge his father's death.",
    "contentRating": "G",
    "rating": 3.1,
    "ratingCount": 58597,
    "metaCriticRating": 84,
    "genres": "Documentary, Animation",
    "directors": "Sophia Martinez",
    "stars": "Mia Lee"
  },
  {
    "id": "40353aa9623af",
    "videoUri": "https://res.cloudinary.com/dwl0svlrm/video/upload/v1754884007/demo_qg6vtf.mp4",
    "subtitleUri": "https://thepaciellogroup.github.io/AT-browser-tests/video/subtitles-en.vtt",
    "title": "Тэчъяал 2",
    "fullTitle": "Тэчъяал 2",
    "rank": 33,
    "rankUpDown": "+51",
    "year": 2008,
    "image_2_3": "https://res.cloudinary.com/dwl0svlrm/image/upload/v1754884504/40ebd5b4f94a0dd03421f4c54f7a9bb121926b6a_y2vaga.jpg",
    "image_16_9": "https://res.cloudinary.com/dwl0svlrm/image/upload/v1754891339/6c8e88ec63c3ebafe1de1588c2b4ebe518426186_nnqryu.jpg",
    "releaseDate": "18 Mar 2008",
    "runtimeMins": 140,
    "runtimeStr": "140 mins",
    "plot": "A fantastical adventure film set in a mythical land filled with magical creatures and ancient mysteries.",
    "contentRating": "PG-13",
    "rating": 2.3,
    "ratingCount": 38358,
    "metaCriticRating": 74,
    "genres": "Romance, Animation, Documentary",
    "directors": "Logan King, Isabella Rodriguez",
    "stars": "Sophia Adams"
  },
  {
    "id": "64e067f836ca2",
    "videoUri": "https://res.cloudinary.com/dwl0svlrm/video/upload/v1754884007/demo_qg6vtf.mp4",
    "subtitleUri": "https://thepaciellogroup.github.io/AT-browser-tests/video/subtitles-en.vtt",
    "title": "Тэчъяал 2",
    "fullTitle": "Тэчъяал 2",
    "rank": 34,
    "rankUpDown": "+31",
    "year": 2017,
    "image_2_3": "https://res.cloudinary.com/dwl0svlrm/image/upload/v1754884504/40ebd5b4f94a0dd03421f4c54f7a9bb121926b6a_y2vaga.jpg",
    "image_16_9": "https://res.cloudinary.com/dwl0svlrm/image/upload/v1754891339/6c8e88ec63c3ebafe1de1588c2b4ebe518426186_nnqryu.jpg",
    "releaseDate": "16 Mar 2017",
    "runtimeMins": 140,
    "runtimeStr": "140 mins",
    "plot": "A young Indian boy gets lost and embarks on a journey to find his family.",
    "contentRating": "R",
    "rating": 2.5,
    "ratingCount": 19851,
    "metaCriticRating": 110,
    "genres": "Comedy",
    "directors": "Abigail Evans, Harper Davis",
    "stars": "Noah Harris"
  },
  {
    "id": "f801ef0d2032",
    "videoUri": "https://res.cloudinary.com/dwl0svlrm/video/upload/v1754884007/demo_qg6vtf.mp4",
    "subtitleUri": "https://thepaciellogroup.github.io/AT-browser-tests/video/subtitles-en.vtt",
    "title": "Тэчъяал 2",
    "fullTitle": "Тэчъяал 2",
    "rank": 35,
    "rankUpDown": "+15",
    "year": 2011,
    "image_2_3": "https://res.cloudinary.com/dwl0svlrm/image/upload/v1754884504/40ebd5b4f94a0dd03421f4c54f7a9bb121926b6a_y2vaga.jpg",
    "image_16_9": "https://res.cloudinary.com/dwl0svlrm/image/upload/v1754891339/6c8e88ec63c3ebafe1de1588c2b4ebe518426186_nnqryu.jpg",
    "releaseDate": "26 Mar 2011",
    "runtimeMins": 137,
    "runtimeStr": "137 mins",
    "plot": "A thrilling adventure movie set in a remote jungle inhabited by apes.",
    "contentRating": "R",
    "rating": 7.7,
    "ratingCount": 58796,
    "metaCriticRating": 72,
    "genres": "Documentary",
    "directors": "Harper Davis, Charlotte Brown",
    "stars": "Liam Davis"
  },
  {
    "id": "61946ea9ede15",
    "videoUri": "https://res.cloudinary.com/dwl0svlrm/video/upload/v1754884007/demo_qg6vtf.mp4",
    "subtitleUri": "https://thepaciellogroup.github.io/AT-browser-tests/video/subtitles-en.vtt",
    "title": "Тэчъяал 2",
    "fullTitle": "Тэчъяал 2",
    "rank": 36,
    "rankUpDown": "+21",
    "year": 1981,
    "image_2_3": "https://res.cloudinary.com/dwl0svlrm/image/upload/v1754884504/40ebd5b4f94a0dd03421f4c54f7a9bb121926b6a_y2vaga.jpg",
    "image_16_9": "https://res.cloudinary.com/dwl0svlrm/image/upload/v1754891339/6c8e88ec63c3ebafe1de1588c2b4ebe518426186_nnqryu.jpg",
    "releaseDate": "7 Feb 1981",
    "runtimeMins": 141,
    "runtimeStr": "141 mins",
    "plot": "A group of friends get lost in the Amazon rainforest and struggle to survive against the dangerous wildlife and harsh environment.",
    "contentRating": "PG-13",
    "rating": 8.8,
    "ratingCount": 96796,
    "metaCriticRating": 67,
    "genres": "Adventure, Fantasy",
    "directors": "Sophia Martinez",
    "stars": "Emma Evans"
  },
  {
    "id": "78862e025d2fc",
    "videoUri": "https://res.cloudinary.com/dwl0svlrm/video/upload/v1754884007/demo_qg6vtf.mp4",
    "subtitleUri": "https://thepaciellogroup.github.io/AT-browser-tests/video/subtitles-en.vtt",
    "title": "Тэчъяал 2",
    "fullTitle": "Тэчъяал 2",
    "rank": 37,
    "rankUpDown": "+53",
    "year": 1985,
    "image_2_3": "https://res.cloudinary.com/dwl0svlrm/image/upload/v1754884504/40ebd5b4f94a0dd03421f4c54f7a9bb121926b6a_y2vaga.jpg",
    "image_16_9": "https://res.cloudinary.com/dwl0svlrm/image/upload/v1754891339/6c8e88ec63c3ebafe1de1588c2b4ebe518426186_nnqryu.jpg",
    "releaseDate": "2 Jan 1985",
    "runtimeMins": 118,
    "runtimeStr": "118 mins",
    "plot": "A post-apocalyptic thriller set in a world where technology has taken over humanity.",
    "contentRating": "G",
    "rating": 8.2,
    "ratingCount": 64112,
    "metaCriticRating": 26,
    "genres": "Fantasy",
    "directors": "Jackson Davis, Owen Baker, Amelia Lee",
    "stars": "Liam Davis"
  },
  {
    "id": "4b93d1a0e0ae3",
    "videoUri": "https://res.cloudinary.com/dwl0svlrm/video/upload/v1754884007/demo_qg6vtf.mp4",
    "subtitleUri": "https://thepaciellogroup.github.io/AT-browser-tests/video/subtitles-en.vtt",
    "title": "Тэчъяал 2",
    "fullTitle": "Тэчъяал 2",
    "rank": 38,
    "rankUpDown": "+17",
    "year": 2018,
    "image_2_3": "https://res.cloudinary.com/dwl0svlrm/image/upload/v1754884504/40ebd5b4f94a0dd03421f4c54f7a9bb121926b6a_y2vaga.jpg",
    "image_16_9": "https://res.cloudinary.com/dwl0svlrm/image/upload/v1754891339/6c8e88ec63c3ebafe1de1588c2b4ebe518426186_nnqryu.jpg",
    "releaseDate": "2 May 2018",
    "runtimeMins": 132,
    "runtimeStr": "132 mins",
    "plot": "A heartwarming animated film about a young fish who sets out on a journey to save his home and family from environmental destruction.",
    "contentRating": "G",
    "rating": 4.1,
    "ratingCount": 10982,
    "metaCriticRating": 76,
    "genres": "Comedy, Drama, Action",
    "directors": "Harper Davis, Ethan Parker, Ava Reynolds",
    "stars": "Ava Green"
  },
  {
    "id": "08ef353fd4def",
    "videoUri": "https://res.cloudinary.com/dwl0svlrm/video/upload/v1754884007/demo_qg6vtf.mp4",
    "subtitleUri": "https://thepaciellogroup.github.io/AT-browser-tests/video/subtitles-en.vtt",
    "title": "Тэчъяал 2",
    "fullTitle": "Тэчъяал 2",
    "rank": 39,
    "rankUpDown": "+55",
    "year": 2016,
    "image_2_3": "https://res.cloudinary.com/dwl0svlrm/image/upload/v1754884504/40ebd5b4f94a0dd03421f4c54f7a9bb121926b6a_y2vaga.jpg",
    "image_16_9": "https://res.cloudinary.com/dwl0svlrm/image/upload/v1754891339/6c8e88ec63c3ebafe1de1588c2b4ebe518426186_nnqryu.jpg",
    "releaseDate": "16 Jul 2016",
    "runtimeMins": 135,
    "runtimeStr": "135 mins",
    "plot": "A heartwarming comedy about a mischievous monkey family navigating life in the jungle.",
    "contentRating": "R",
    "rating": 6.2,
    "ratingCount": 10491,
    "metaCriticRating": 39,
    "genres": "Fantasy, Action, Documentary",
    "directors": "Noah Adams",
    "stars": "Ava Green, Olivia Carter"
  },
  {
    "id": "4d3aedaa48b06",
    "videoUri": "https://res.cloudinary.com/dwl0svlrm/video/upload/v1754884007/demo_qg6vtf.mp4",
    "subtitleUri": "https://thepaciellogroup.github.io/AT-browser-tests/video/subtitles-en.vtt",
    "title": "Тэчъяал 2",
    "fullTitle": "Тэчъяал 2",
    "rank": 40,
    "rankUpDown": "+12",
    "year": 2007,
    "image_2_3": "https://res.cloudinary.com/dwl0svlrm/image/upload/v1754884504/40ebd5b4f94a0dd03421f4c54f7a9bb121926b6a_y2vaga.jpg",
    "image_16_9": "https://res.cloudinary.com/dwl0svlrm/image/upload/v1754891339/6c8e88ec63c3ebafe1de1588c2b4ebe518426186_nnqryu.jpg",
    "releaseDate": "23 Nov 2007",
    "runtimeMins": 111,
    "runtimeStr": "111 mins",
    "plot": "A documentary that follows the development of four babies from different parts of the world.",
    "contentRating": "PG-13",
    "rating": 7.9,
    "ratingCount": 106160,
    "metaCriticRating": 69,
    "genres": "Action, Horror, Animation",
    "directors": "Noah Adams, Aiden Carter",
    "stars": "Noah Harris"
  },
  {
    "id": "43e5a062e2bfc",
    "videoUri": "https://res.cloudinary.com/dwl0svlrm/video/upload/v1754884007/demo_qg6vtf.mp4",
    "subtitleUri": "https://thepaciellogroup.github.io/AT-browser-tests/video/subtitles-en.vtt",
    "title": "Тэчъяал 2",
    "fullTitle": "Тэчъяал 2",
    "rank": 41,
    "rankUpDown": "+48",
    "year": 2015,
    "image_2_3": "https://res.cloudinary.com/dwl0svlrm/image/upload/v1754884504/40ebd5b4f94a0dd03421f4c54f7a9bb121926b6a_y2vaga.jpg",
    "image_16_9": "https://res.cloudinary.com/dwl0svlrm/image/upload/v1754891339/6c8e88ec63c3ebafe1de1588c2b4ebe518426186_nnqryu.jpg",
    "releaseDate": "18 Mar 2015",
    "runtimeMins": 134,
    "runtimeStr": "134 mins",
    "plot": "A thriller film about a woman who becomes trapped in a small town where the birds have started to attack humans.",
    "contentRating": "PG-13",
    "rating": 7.1,
    "ratingCount": 96109,
    "metaCriticRating": 94,
    "genres": "Romance, Fantasy",
    "directors": "Abigail Evans, Aiden Carter",
    "stars": "Noah Harris, Mia Lee, Emma Evans"
  },
  {
    "id": "bd72e5f8d32a6",
    "videoUri": "https://res.cloudinary.com/dwl0svlrm/video/upload/v1754884007/demo_qg6vtf.mp4",
    "subtitleUri": "https://thepaciellogroup.github.io/AT-browser-tests/video/subtitles-en.vtt",
    "title": "Тэчъяал 2",
    "fullTitle": "Тэчъяал 2",
    "rank": 42,
    "rankUpDown": "+14",
    "year": 2007,
    "image_2_3": "https://res.cloudinary.com/dwl0svlrm/image/upload/v1754884504/40ebd5b4f94a0dd03421f4c54f7a9bb121926b6a_y2vaga.jpg",
    "image_16_9": "https://res.cloudinary.com/dwl0svlrm/image/upload/v1754891339/6c8e88ec63c3ebafe1de1588c2b4ebe518426186_nnqryu.jpg",
    "releaseDate": "18 Apr 2007",
    "runtimeMins": 128,
    "runtimeStr": "128 mins",
    "plot": "A barren landscape where survival is the ultimate test.",
    "contentRating": "R",
    "rating": 3.3,
    "ratingCount": 103165,
    "metaCriticRating": 78,
    "genres": "Adventure, Thriller",
    "directors": "Mason Scott, Owen Baker",
    "stars": "Emma Evans"
  },
  {
    "id": "73ce574852058",
    "videoUri": "https://res.cloudinary.com/dwl0svlrm/video/upload/v1754884007/demo_qg6vtf.mp4",
    "subtitleUri": "https://thepaciellogroup.github.io/AT-browser-tests/video/subtitles-en.vtt",
    "title": "Тэчъяал 2",
    "fullTitle": "Тэчъяал 2",
    "rank": 43,
    "rankUpDown": "+19",
    "year": 2006,
    "image_2_3": "https://res.cloudinary.com/dwl0svlrm/image/upload/v1754884504/40ebd5b4f94a0dd03421f4c54f7a9bb121926b6a_y2vaga.jpg",
    "image_16_9": "https://res.cloudinary.com/dwl0svlrm/image/upload/v1754891339/6c8e88ec63c3ebafe1de1588c2b4ebe518426186_nnqryu.jpg",
    "releaseDate": "2 Mar 2006",
    "runtimeMins": 108,
    "runtimeStr": "108 mins",
    "plot": "A documentary film exploring the beauty, culture, and challenges of the African continent.",
    "contentRating": "PG-13",
    "rating": 7,
    "ratingCount": 68038,
    "metaCriticRating": 62,
    "genres": "Comedy",
    "directors": "Emma Williams",
    "stars": "Liam Davis, Jackson Brown, Ethan King"
  },
  {
    "id": "9cf37611cc5c2",
    "videoUri": "https://res.cloudinary.com/dwl0svlrm/video/upload/v1754884007/demo_qg6vtf.mp4",
    "subtitleUri": "https://thepaciellogroup.github.io/AT-browser-tests/video/subtitles-en.vtt",
    "title": "Тэчъяал 2",
    "fullTitle": "Тэчъяал 2",
    "rank": 44,
    "rankUpDown": "+50",
    "year": 1997,
    "image_2_3": "https://res.cloudinary.com/dwl0svlrm/image/upload/v1754884504/40ebd5b4f94a0dd03421f4c54f7a9bb121926b6a_y2vaga.jpg",
    "image_16_9": "https://res.cloudinary.com/dwl0svlrm/image/upload/v1754891339/6c8e88ec63c3ebafe1de1588c2b4ebe518426186_nnqryu.jpg",
    "releaseDate": "3 Oct 1997",
    "runtimeMins": 125,
    "runtimeStr": "125 mins",
    "plot": "A nature documentary exploring the beauty and diversity of the planet we call home.",
    "contentRating": "PG",
    "rating": 4.4,
    "ratingCount": 72096,
    "metaCriticRating": 87,
    "genres": "Horror",
    "directors": "Harper Davis, Liam Johnson",
    "stars": "Emma Evans, Mia Lee"
  },
  {
    "id": "defa276de73e5",
    "videoUri": "https://res.cloudinary.com/dwl0svlrm/video/upload/v1754884007/demo_qg6vtf.mp4",
    "subtitleUri": "https://thepaciellogroup.github.io/AT-browser-tests/video/subtitles-en.vtt",
    "title": "Тэчъяал 2",
    "fullTitle": "Тэчъяал 2",
    "rank": 45,
    "rankUpDown": "+54",
    "year": 1986,
    "image_2_3": "https://res.cloudinary.com/dwl0svlrm/image/upload/v1754884504/40ebd5b4f94a0dd03421f4c54f7a9bb121926b6a_y2vaga.jpg",
    "image_16_9": "https://res.cloudinary.com/dwl0svlrm/image/upload/v1754891339/6c8e88ec63c3ebafe1de1588c2b4ebe518426186_nnqryu.jpg",
    "releaseDate": "7 Sept 1986",
    "runtimeMins": 135,
    "runtimeStr": "135 mins",
    "plot": "An action-thriller film about a bomb on a bus that will explode if the vehicle slows down below 50 miles per hour.",
    "contentRating": "PG",
    "rating": 9.9,
    "ratingCount": 66259,
    "metaCriticRating": 90,
    "genres": "Comedy, Fantasy",
    "directors": "Isabella Rodriguez",
    "stars": "Liam Davis, Olivia Carter"
  },
  {
    "id": "d84978bdf9622",
    "videoUri": "https://res.cloudinary.com/dwl0svlrm/video/upload/v1754884007/demo_qg6vtf.mp4",
    "subtitleUri": "https://thepaciellogroup.github.io/AT-browser-tests/video/subtitles-en.vtt",
    "title": "Тэчъяал 2",
    "fullTitle": "Тэчъяал 2",
    "rank": 46,
    "rankUpDown": "+33",
    "year": 2002,
    "image_2_3": "https://res.cloudinary.com/dwl0svlrm/image/upload/v1754884504/40ebd5b4f94a0dd03421f4c54f7a9bb121926b6a_y2vaga.jpg",
    "image_16_9": "https://res.cloudinary.com/dwl0svlrm/image/upload/v1754891339/6c8e88ec63c3ebafe1de1588c2b4ebe518426186_nnqryu.jpg",
    "releaseDate": "10 May 2002",
    "runtimeMins": 124,
    "runtimeStr": "124 mins",
    "plot": "A fascinating exploration of the diverse and intricate world of insects.",
    "contentRating": "PG-13",
    "rating": 6.7,
    "ratingCount": 30637,
    "metaCriticRating": 67,
    "genres": "Horror, Animation",
    "directors": "Emma Williams, Isabella Rodriguez, Owen Baker",
    "stars": "Sophia Adams, Lucas Foster"
  },
  {
    "id": "e00d47b121c31",
    "videoUri": "https://res.cloudinary.com/dwl0svlrm/video/upload/v1754884007/demo_qg6vtf.mp4",
    "subtitleUri": "https://thepaciellogroup.github.io/AT-browser-tests/video/subtitles-en.vtt",
    "title": "Тэчъяал 2",
    "fullTitle": "Тэчъяал 2",
    "rank": 47,
    "rankUpDown": "+39",
    "year": 2014,
    "image_2_3": "https://res.cloudinary.com/dwl0svlrm/image/upload/v1754884504/40ebd5b4f94a0dd03421f4c54f7a9bb121926b6a_y2vaga.jpg",
    "image_16_9": "https://res.cloudinary.com/dwl0svlrm/image/upload/v1754891339/6c8e88ec63c3ebafe1de1588c2b4ebe518426186_nnqryu.jpg",
    "releaseDate": "10 Sept 2014",
    "runtimeMins": 127,
    "runtimeStr": "127 mins",
    "plot": "A thriller movie about a park ranger who must track down a deadly grizzly bear terrorizing a national forest.",
    "contentRating": "PG-13",
    "rating": 8.6,
    "ratingCount": 11492,
    "metaCriticRating": 97,
    "genres": "Animation",
    "directors": "Amelia Lee, Mia Patel, Olivia Thompson",
    "stars": "Sophia Adams, Olivia Carter"
  },
  {
    "id": "834ce43565946",
    "videoUri": "https://res.cloudinary.com/dwl0svlrm/video/upload/v1754884007/demo_qg6vtf.mp4",
    "subtitleUri": "https://thepaciellogroup.github.io/AT-browser-tests/video/subtitles-en.vtt",
    "title": "Тэчъяал 2",
    "fullTitle": "Тэчъяал 2",
    "rank": 48,
    "rankUpDown": "+57",
    "year": 1994,
    "image_2_3": "https://res.cloudinary.com/dwl0svlrm/image/upload/v1754884504/40ebd5b4f94a0dd03421f4c54f7a9bb121926b6a_y2vaga.jpg",
    "image_16_9": "https://res.cloudinary.com/dwl0svlrm/image/upload/v1754891339/6c8e88ec63c3ebafe1de1588c2b4ebe518426186_nnqryu.jpg",
    "releaseDate": "22 Jun 1994",
    "runtimeMins": 135,
    "runtimeStr": "135 mins",
    "plot": "A high-octane action thriller set in the world of organized crime and political corruption, featuring a charismatic hero fighting for justice.",
    "contentRating": "G",
    "rating": 2.3,
    "ratingCount": 45794,
    "metaCriticRating": 55,
    "genres": "Adventure",
    "directors": "Mason Scott",
    "stars": "Ava Green, Olivia Carter"
  },
  {
    "id": "291ffb81b9e06",
    "videoUri": "https://res.cloudinary.com/dwl0svlrm/video/upload/v1754884007/demo_qg6vtf.mp4",
    "subtitleUri": "https://thepaciellogroup.github.io/AT-browser-tests/video/subtitles-en.vtt",
    "title": "Тэчъяал 2",
    "fullTitle": "Тэчъяал 2",
    "rank": 49,
    "rankUpDown": "+24",
    "year": 2005,
    "image_2_3": "https://res.cloudinary.com/dwl0svlrm/image/upload/v1754884504/40ebd5b4f94a0dd03421f4c54f7a9bb121926b6a_y2vaga.jpg",
    "image_16_9": "https://res.cloudinary.com/dwl0svlrm/image/upload/v1754891339/6c8e88ec63c3ebafe1de1588c2b4ebe518426186_nnqryu.jpg",
    "releaseDate": "9 Oct 2005",
    "runtimeMins": 100,
    "runtimeStr": "100 mins",
    "plot": "A visually striking film that explores the themes of identity and individuality through the journey of a young zebra who must find his place in the world.",
    "contentRating": "PG-13",
    "rating": 8.8,
    "ratingCount": 68089,
    "metaCriticRating": 108,
    "genres": "Fantasy, Animation, Comedy",
    "directors": "Logan King, Ava Reynolds",
    "stars": "Ethan King"
  },
  {
    "id": "07c92f3a31737",
    "videoUri": "https://res.cloudinary.com/dwl0svlrm/video/upload/v1754884007/demo_qg6vtf.mp4",
    "subtitleUri": "https://thepaciellogroup.github.io/AT-browser-tests/video/subtitles-en.vtt",
    "title": "Тэчъяал 2",
    "fullTitle": "Тэчъяал 2",
    "rank": 50,
    "rankUpDown": "+30",
    "year": 2002,
    "image_2_3": "https://res.cloudinary.com/dwl0svlrm/image/upload/v1754884504/40ebd5b4f94a0dd03421f4c54f7a9bb121926b6a_y2vaga.jpg",
    "image_16_9": "https://res.cloudinary.com/dwl0svlrm/image/upload/v1754891339/6c8e88ec63c3ebafe1de1588c2b4ebe518426186_nnqryu.jpg",
    "releaseDate": "10 Feb 2002",
    "runtimeMins": 115,
    "runtimeStr": "115 mins",
    "plot": "A lost city discovered deep beneath the ocean's surface.",
    "contentRating": "G",
    "rating": 4.6,
    "ratingCount": 57763,
    "metaCriticRating": 75,
    "genres": "Adventure, Animation",
    "directors": "Charlotte Brown, Aiden Carter, Caleb Wright",
    "stars": "Lucas Foster"
  },
  {
    "id": "56964e7e8aa4a",
    "videoUri": "https://res.cloudinary.com/dwl0svlrm/video/upload/v1754884007/demo_qg6vtf.mp4",
    "subtitleUri": "https://thepaciellogroup.github.io/AT-browser-tests/video/subtitles-en.vtt",
    "title": "Тэчъяал 2",
    "fullTitle": "Тэчъяал 2",
    "rank": 51,
    "rankUpDown": "+50",
    "year": 1988,
    "image_2_3": "https://res.cloudinary.com/dwl0svlrm/image/upload/v1754884504/40ebd5b4f94a0dd03421f4c54f7a9bb121926b6a_y2vaga.jpg",
    "image_16_9": "https://res.cloudinary.com/dwl0svlrm/image/upload/v1754891339/6c8e88ec63c3ebafe1de1588c2b4ebe518426186_nnqryu.jpg",
    "releaseDate": "5 Oct 1988",
    "runtimeMins": 141,
    "runtimeStr": "141 mins",
    "plot": "A sci-fi epic about a group of astronauts stranded on a distant planet, battling against a swarm of intelligent alien ants for survival.",
    "contentRating": "PG-13",
    "rating": 2.1,
    "ratingCount": 107848,
    "metaCriticRating": 92,
    "genres": "Action",
    "directors": "Amelia Lee, Harper Davis, Mia Patel",
    "stars": "Emma Evans, Sophia Adams"
  },
  {
    "id": "b995170bc926",
    "videoUri": "https://res.cloudinary.com/dwl0svlrm/video/upload/v1754884007/demo_qg6vtf.mp4",
    "subtitleUri": "https://thepaciellogroup.github.io/AT-browser-tests/video/subtitles-en.vtt",
    "title": "Тэчъяал 2",
    "fullTitle": "Тэчъяал 2",
    "rank": 52,
    "rankUpDown": "+46",
    "year": 2012,
    "image_2_3": "https://res.cloudinary.com/dwl0svlrm/image/upload/v1754884504/40ebd5b4f94a0dd03421f4c54f7a9bb121926b6a_y2vaga.jpg",
    "image_16_9": "https://res.cloudinary.com/dwl0svlrm/image/upload/v1754891339/6c8e88ec63c3ebafe1de1588c2b4ebe518426186_nnqryu.jpg",
    "releaseDate": "17 Aug 2012",
    "runtimeMins": 119,
    "runtimeStr": "119 mins",
    "plot": "An inheritance of darkness and secrets comes back to haunt a family.",
    "contentRating": "R",
    "rating": 8,
    "ratingCount": 57590,
    "metaCriticRating": 107,
    "genres": "Fantasy, Drama",
    "directors": "Isabella Rodriguez",
    "stars": "Sophia Adams"
  },
  {
    "id": "0d3929fb4428f",
    "videoUri": "https://res.cloudinary.com/dwl0svlrm/video/upload/v1754884007/demo_qg6vtf.mp4",
    "subtitleUri": "https://thepaciellogroup.github.io/AT-browser-tests/video/subtitles-en.vtt",
    "title": "Тэчъяал 2",
    "fullTitle": "Тэчъяал 2",
    "rank": 53,
    "rankUpDown": "+44",
    "year": 2014,
    "image_2_3": "https://res.cloudinary.com/dwl0svlrm/image/upload/v1754884504/40ebd5b4f94a0dd03421f4c54f7a9bb121926b6a_y2vaga.jpg",
    "image_16_9": "https://res.cloudinary.com/dwl0svlrm/image/upload/v1754891339/6c8e88ec63c3ebafe1de1588c2b4ebe518426186_nnqryu.jpg",
    "releaseDate": "3 Nov 2014",
    "runtimeMins": 100,
    "runtimeStr": "100 mins",
    "plot": "A horror film about a small town terrorized by a swarm of mutant ants.",
    "contentRating": "R",
    "rating": 3.8,
    "ratingCount": 24087,
    "metaCriticRating": 95,
    "genres": "Adventure, Drama",
    "directors": "Jackson Davis, Lucas Nguyen",
    "stars": "Lucas Foster, Noah Harris, Jackson Brown"
  },
  {
    "id": "5be58f705ee35",
    "videoUri": "https://res.cloudinary.com/dwl0svlrm/video/upload/v1754884007/demo_qg6vtf.mp4",
    "subtitleUri": "https://thepaciellogroup.github.io/AT-browser-tests/video/subtitles-en.vtt",
    "title": "Тэчъяал 2",
    "fullTitle": "Тэчъяал 2",
    "rank": 54,
    "rankUpDown": "+54",
    "year": 1990,
    "image_2_3": "https://res.cloudinary.com/dwl0svlrm/image/upload/v1754884504/40ebd5b4f94a0dd03421f4c54f7a9bb121926b6a_y2vaga.jpg",
    "image_16_9": "https://res.cloudinary.com/dwl0svlrm/image/upload/v1754891339/6c8e88ec63c3ebafe1de1588c2b4ebe518426186_nnqryu.jpg",
    "releaseDate": "14 Dec 1990",
    "runtimeMins": 125,
    "runtimeStr": "125 mins",
    "plot": "A colorful journey of self-discovery and acceptance.",
    "contentRating": "R",
    "rating": 1.5,
    "ratingCount": 49490,
    "metaCriticRating": 48,
    "genres": "Adventure, Documentary",
    "directors": "Charlotte Brown, Mason Scott, Owen Baker",
    "stars": "Ethan King"
  }
]